title,company,location,link
Data Apprentice,"Twitch Interactive, Inc.",Remote in California,https://www.indeed.com/viewjob?jk=1933da5f18e8dd38
Python Engineer,Piper Companies,+9 locationsRemote,https://www.indeed.com/viewjob?jk=4ac9a3ab222f68eb
Customer Data Analyst (Remote),Pearson,"Remote in Juneau, AK 99811+51 locations",https://www.indeed.com/viewjob?jk=3c723d57343ab33a
REMOTE Junior Backend Engineer - $120-$160K (Python),Explore Jobs Search,"Remote in Denver, CO+38 locations",https://www.indeed.com/viewjob?jk=f73ae0d6f6a086fa
Software Development (All Levels),Instec Corp,Remote,https://www.indeed.com/viewjob?jk=a9ef10d383bd5360
Cybersecurity Apprentice,IBM,"Austin, TX 73301 (St Edwards area)",https://www.indeed.com/viewjob?jk=8f420f2dfc9e42e5
Software Engineer,Nike,"Remote in Atlanta, GA+11 locations",https://www.indeed.com/viewjob?jk=d10df9af539c598b
CSS & HTML Developer,Humanity,"Remote in Myrtle Point, OR 97458",https://www.indeed.com/viewjob?jk=cceee5b57c71a193
Informatica - Python,Cognizant Technology Solutions,"Remote in Richmond, VA",https://www.indeed.com/viewjob?jk=5739d204272cab93
Python Developer,Paktolus,Remote,https://www.indeed.com/viewjob?jk=df1cce3cc988f374
Entry Level Software Developer,Grant Street Group,Remote,https://www.indeed.com/viewjob?jk=f29f480069fa33cf
Security Engineer,Lime,Remote,https://www.indeed.com/viewjob?jk=f94c19c91e9bd904
Risk Analyst,TikTok,"Austin, TX 78745",https://www.indeed.com/viewjob?jk=9c1bbd012d8d85cc
"Survey Research Scientist, People Experience and Technology",Amazon.com Services LLC,+61 locationsRemote,https://www.indeed.com/viewjob?jk=8ec9c8eb77a020db
​​​​​​​Data Analyst (Python),Qcentrio,Remote in United States+2 locations,https://www.indeed.com/viewjob?jk=338d8f46611cb799
"BIE, IXD Team",Amazon.com Services LLC,Remote,https://www.indeed.com/viewjob?jk=1fadf36d4cbb3068
Data Engineer,Nike,"Remote in Atlanta, GA+8 locations",https://www.indeed.com/viewjob?jk=3843153749cd57a6
Python REST Developer (Remote),cloudteam,"Remote in Jacksonville, FL 32256",https://www.indeed.com/viewjob?jk=c1b6116dbd902c6b
Python,Intone Networks,"Austin, TX",https://www.indeed.com/viewjob?jk=a93404b7b540a2fa
Senior Python Developer,OMBU,"Remote in Portland, OR 97214",https://www.indeed.com/viewjob?jk=d13b06d1113de40c
Software Developer (Remote),Workforce Opportunity Services,Remote in United States,https://www.indeed.com/viewjob?jk=d8846773cfd3d827
Associate Data Scientist,Best Buy,"Remote in Richfield, MN 55423+1 location",https://www.indeed.com/viewjob?jk=a98de38d33ecb800
Entry Level Python Software Development Engineer,Reynolds and Reynolds,"College Station, TX 77840",https://www.indeed.com/viewjob?jk=6d51a7b1384371ca
Data Engineer - open to remote!,Principal Financial Group,"Remote in Des Moines, IA 50392+2 locations",https://www.indeed.com/viewjob?jk=f2cb7d3b82911495
Hadoop - Spark/PYTHON,Capgemini,"New York, NY",https://www.indeed.com/viewjob?jk=d0d2e993fa747692
Airflow Consultant,Dataflix,Remote,https://www.indeed.com/viewjob?jk=ffe31313753f911e
Python Engineer,HealthVerity,Remote,https://www.indeed.com/viewjob?jk=250924f874741688
Python Developer,Vujade,"Princeton, NJ",https://www.indeed.com/viewjob?jk=570e4c66da923575
Software Engineer – Python,Zilliant,Remote,https://www.indeed.com/viewjob?jk=e04157501c615ecf
"Junior Technical Support, Python (Remote)",INTEL 471,Remote,https://www.indeed.com/viewjob?jk=3c71c4a62fdf588c
Windows Support Associate,Workforce Opportunity Services,"Manchester, NH",https://www.indeed.com/viewjob?jk=beff8ebc9773f235
Data Analyst,Montaro,Remote,https://www.indeed.com/viewjob?jk=8fc334fd3bb6818c
data scientist (multiple openings) - Remote,Starbucks,"Remote in Seattle, WA+3 locations",https://www.indeed.com/viewjob?jk=0af54ecb2f72d6a9
Data Analyst - Tiktok Ads,TikTok,"Seattle, WA+20 locations",https://www.indeed.com/viewjob?jk=ea2bf81d89f746f0
FULLY REMOTE - Data Engineer - Python,Explore Jobs Search,"Remote in Fort Worth, TX+78 locations",https://www.indeed.com/viewjob?jk=ea380cc3625fb757
"Security Engineer I, Offensive Security Penetration Testing",Amazon.com Services LLC,+126 locationsRemote,https://www.indeed.com/viewjob?jk=060fd44f6657635e
Full Stack Engineer,Woven Teams,Remote,https://www.indeed.com/viewjob?jk=a391486f0bba99ac
Frontend Developer,GRANDMETRIC,"Remote in Lewes, DE 19958",https://www.indeed.com/viewjob?jk=54ef719bf85bfcce
Graduate Engineer,FiberSense,"Remote in San Francisco, CA",https://www.indeed.com/viewjob?jk=ec14ade55cf14403
Software Engineer - Apprentice,wepay,"Remote in Palo Alto, CA+4 locations",https://www.indeed.com/viewjob?jk=4d532361313682c1
Machine Learning Engineer,Adobe,"Waltham, MA 02451+8 locations",https://www.indeed.com/viewjob?jk=1983bc3c608ce5ae
"REMOTE C++ Developer - Python, C#, AWS",Explore Jobs Search,"Remote in Plano, TX+5 locations",https://www.indeed.com/viewjob?jk=19fc9f5d748e0806
Data Analyst,SunPower,Remote,https://www.indeed.com/viewjob?jk=2f19dda1f8103016
Data Scientist (Remote),Yelp,Remote,https://www.indeed.com/viewjob?jk=0072004f2d3180a4
Software Engineer - Backend/Python (100% Remote),Close.com,Remote,https://www.indeed.com/viewjob?jk=c52ab7b9e386624e
"Remote Python Software Engineer - Python, Django",Explore Jobs Search,"Remote in Boston, MA+4 locations",https://www.indeed.com/viewjob?jk=b32375f5317859f7
Data Analyst,Gamingtec,Remote,https://www.indeed.com/viewjob?jk=d43642cd0041a0b1
Jr. QA Engineer,Aperture Credentialing LLC,Remote,https://www.indeed.com/viewjob?jk=d5433babf461cf6d
Data Mentor (Part-time),Pathrise,Remote,https://www.indeed.com/viewjob?jk=1ca4abef538dab27
"Database Engineer , RDS Aurora PostgreSQL",Amazon.com Services LLC,+10 locationsRemote,https://www.indeed.com/viewjob?jk=db546e0f6fd7d1aa
"Backend Engineer, Podsights",Spotify,"Remote in New York, NY+3 locations",https://www.indeed.com/viewjob?jk=052404b109da9ee5
Photovoltaic Embodied-Energy and Carbon Emissions Researcher 1,National Renewable Energy Laboratory,+7 locationsRemote,https://www.indeed.com/viewjob?jk=1445e3d6b50c7e5e
"Software Engineer, Frontend (Remote)",Little Otter,"Remote in Seattle, WA+2 locations",https://www.indeed.com/viewjob?jk=864a47ca67334c6a
FULLY REMOTE - Data Engineer - Python,Explore Jobs Search,"Remote in Fort Worth, TX+78 locations",https://www.indeed.com/viewjob?jk=ea380cc3625fb757
"Data Scientist, Online","Zoom Video Communications, Inc.","Remote in Denver, CO+1 location",https://www.indeed.com/viewjob?jk=1cf6df8ca8684127
"Associate in Research, 12 Month Salaried (COAPS)",Florida State University,"Tallahassee, FL",https://www.indeed.com/viewjob?jk=8131bec3c9c00fc4
Entry Level Python Software Development Engineer,Reynolds and Reynolds,"College Station, TX 77840",https://www.indeed.com/viewjob?jk=6d51a7b1384371ca
Python Framework Developer,LOCKHEED MARTIN CORPORATION,"Littleton, CO 80125+1 location",https://www.indeed.com/viewjob?jk=0e744d1545c6e5b6
Content Creator,LeetCode,Remote,https://www.indeed.com/viewjob?jk=e94af63cb41ad9b5
Data Scientist,SupplyHouse,+7 locationsRemote,https://www.indeed.com/viewjob?jk=74d80cfa4b041698
ENRICH86337604 -Dotnet Developer,Net Orbit,"Remote in Boston, MA",https://www.indeed.com/viewjob?jk=96b2117f78fb33ca
Support Opportunities,RStudio,"Remote in Seattle, WA",https://www.indeed.com/viewjob?jk=2c26339484d5141f
Junior Software Engineer,Xometry Inc,+7 locationsRemote,https://www.indeed.com/viewjob?jk=e40d2e8113063ace
Junior Data Scientist,Augray,"Remote in Brookfield, WI",https://www.indeed.com/viewjob?jk=3af02d93417e951c
"BIE, IXD Team",Amazon.com Services LLC,Remote,https://www.indeed.com/viewjob?jk=1fadf36d4cbb3068
Tableau Developer,Chameleon Technology,"Remote in Kirkland, WA 98033",https://www.indeed.com/viewjob?jk=07b7f0b812de48b5
Remote - Software Engineer - All Levels,Explore Jobs Search,"Remote in Chula Vista, CA+107 locations",https://www.indeed.com/viewjob?jk=7b3d3fc70f7213fd
Python Developer,Nexient,"Hybrid remote in Ann Arbor, MI 48108+1 location",https://www.indeed.com/viewjob?jk=292821733aebf170
Entry Level Full Stack Developer,LOCKHEED MARTIN CORPORATION,"Sunnyvale, CA 94089 (Lakewood area)+36 locations",https://www.indeed.com/viewjob?jk=9dc35ffcb7840fad
Jr. QA Engineer,Aperture Credentialing LLC,Remote,https://www.indeed.com/viewjob?jk=d5433babf461cf6d
Python Developer,Career Soft Solutions,"Seattle, WA 98105 (Ravenna - U District area)+3 locations",https://www.indeed.com/viewjob?jk=fcac1e0e159f3427
Data Scientist,Bayer,Remote in United States+8 locations,https://www.indeed.com/viewjob?jk=4a44fed718a11a64
Scenario Content Engineer,Woven Teams,Remote,https://www.indeed.com/viewjob?jk=1615f5b7714a79fe
UI DEVELOPER,Capgemini,+1 locationRemote,https://www.indeed.com/viewjob?jk=0f8c6455a37df5ce
"Front End Engineer, People Engine",Amazon.com Services LLC,+109 locationsRemote,https://www.indeed.com/viewjob?jk=7616fb509a8318d4
"Translation Specialist (EN-FR_CA), French CX, Amazon Canada","Amazon.com.ca, Inc. (US)",Remote,https://www.indeed.com/viewjob?jk=5e43f404ef9d3621
Developer Content Writer,Salesforce,+2 locationsRemote,https://www.indeed.com/viewjob?jk=5ce2645faa25f633
Junior Developer - Python,Akuna Capital,"Chicago, IL 60604 (The Loop area)",https://www.indeed.com/viewjob?jk=c362a86904faacdd
Security Assigned Expert - Professional Services,Splunk,+3 locationsRemote,https://www.indeed.com/viewjob?jk=fb1ffa1499c573eb
Special Assistant to the Founder and CEO,One Earth Future,"Remote in Broomfield, CO",https://www.indeed.com/viewjob?jk=b6238027ad475595
"Software Engineers, Multiple (100% Remote)",Piper Companies,+8 locationsRemote,https://www.indeed.com/viewjob?jk=85211916fddbf032
Director of IT,Eventbrite,Remote,https://www.indeed.com/viewjob?jk=3ba309c943755538
Software Engineer,KickUp,Remote,https://www.indeed.com/viewjob?jk=70eb03e29068b706
(Junior / Senior) Product Scientist - Sports Analytics,Zelus Analytics,"Remote in Austin, TX",https://www.indeed.com/viewjob?jk=a136e4a3950e8995
Senior Python Developer,OMBU,"Remote in Portland, OR 97214",https://www.indeed.com/viewjob?jk=d13b06d1113de40c
Customer Success Representative,RStudio,+5 locationsRemote,https://www.indeed.com/viewjob?jk=703cf7d290b46049
Jr. Developer,Futuri Media,"Seven Hills, OH 44131",https://www.indeed.com/viewjob?jk=d5580210d1e12c58
Junior Support Data Engineer,GFT Technologies SE,"Remote in New York, NY 10016",https://www.indeed.com/viewjob?jk=dcbddb7af06b3ad3
BACKEND ENGINEER,Gordian Software,"Remote in Bellevue, WA 98004+1 location",https://www.indeed.com/viewjob?jk=d7758f933877cee1
Python Developer,Kibo Commerce,Remote,https://www.indeed.com/viewjob?jk=2f30ea081232b2a0
Bioinformatician I-II,Benaroya Research Institute,"Seattle, WA 98101 (First Hill area)",https://www.indeed.com/viewjob?jk=7dd4eabf5b8b10b1
"Database Engineer , RDS Aurora PostgreSQL",Amazon.com Services LLC,+10 locationsRemote,https://www.indeed.com/viewjob?jk=db546e0f6fd7d1aa
Data Analyst (Remote),pulseData,"Remote in New York, NY",https://www.indeed.com/viewjob?jk=20d3e043ea23ef18
Software Engineer (Clean Tech Job) (Remote),UtilityAPI,+1 locationRemote,https://www.indeed.com/viewjob?jk=5c0a89fbc5a1c56a
Airflow Consultant,Dataflix,Remote,https://www.indeed.com/viewjob?jk=ffe31313753f911e
Data Scientist II,Disney Streaming,"Santa Monica, CA+1 location",https://www.indeed.com/viewjob?jk=3f3f15b4fce128ca
Python Software Engineer,"JPMorgan Chase Bank, N.A.","New York, NY+44 locations",https://www.indeed.com/viewjob?jk=63fbddb5bed3ad2e
data scientist (multiple openings) - Remote,Starbucks,"Remote in Seattle, WA+3 locations",https://www.indeed.com/viewjob?jk=0af54ecb2f72d6a9
Developer 2,Hyland Software,Remote,https://www.indeed.com/viewjob?jk=d78e6e4108299b1e
Software Developer,Five Star Technology Solutions Llc,+1 locationRemote,https://www.indeed.com/viewjob?jk=ec9ec833275de750
Full Stack Developer,Digital Maelstrom,Remote,https://www.indeed.com/viewjob?jk=964160714a1654f1
Support Engineer,Amazon.com Services LLC,+47 locationsRemote,https://www.indeed.com/viewjob?jk=88863e31239f9a58
Software Engineer - Backend/Python (100% Remote),Close.com,Remote,https://www.indeed.com/viewjob?jk=c52ab7b9e386624e
Level 3 Technical Support Engineer,IBM,"Remote in Chicago, IL 60290",https://www.indeed.com/viewjob?jk=1f10b477bb5559a5
Data Scientist (Junior),BDSA,"Remote in Louisville, CO",https://www.indeed.com/viewjob?jk=c1e2abfc99160b71
"Software Engineer, Data",Pinterest,"Remote in San Francisco, CA 94103+8 locations",https://www.indeed.com/viewjob?jk=0e9f450352758f8c
Data Scientist I,f5,"Remote in San Jose, CA+1 location",https://www.indeed.com/viewjob?jk=5c801d69df900768
Remotely Full-stack Developer view vacancy,Apicbase,Remote,https://www.indeed.com/viewjob?jk=31fb3e2e9d50d876
Full Stack Developer,Piper Companies,+5 locationsRemote,https://www.indeed.com/viewjob?jk=8b55e574a037bbd0
Jr. Backend Engineer,MealPal,"New York, NY",https://www.indeed.com/viewjob?jk=1b9f7354d7454ab6
56904,Zachary Piper Solutions LLC,"Remote in Kent, WA+3 locations",https://www.indeed.com/viewjob?jk=0cda7f8e51524a75
Non OHSU Student Worker,Oregon Health & Science University,Remote in United States+1 location,https://www.indeed.com/viewjob?jk=a156cb9c3964efcc
Data Analyst,SupplyHouse,"Remote in New York, NY 10028+7 locations",https://www.indeed.com/viewjob?jk=fb7f120205fd9188
Software Engineer,Community Tech Alliance,+1 locationRemote,https://www.indeed.com/viewjob?jk=ad354720dc2e13a6
Software Engineer,Microsoft,United States+18 locations,https://www.indeed.com/viewjob?jk=a39442a561b6ab37
PYTHON DEVELOPER,FI Consulting,"Arlington, VA 22209 (Radnor-Ft Myer Heights area)",https://www.indeed.com/viewjob?jk=9f50ec6949483c98
Data Engineer,O'Reilly Media,+1 locationRemote,https://www.indeed.com/viewjob?jk=464d0e0ec778fa77
Software Engineer I - Lumere,GHX,Remote,https://www.indeed.com/viewjob?jk=77203faea42a551d
Decision Scientist,The Walt Disney Company (Corporate),"Orlando, FL+1 location",https://www.indeed.com/viewjob?jk=492030426de1929a
Junior Front End / Full Stack Software Engineer,Plectica,"Remote in New York, NY+1 location",https://www.indeed.com/viewjob?jk=168a00aa137f6f7f
"Frontend Engineer, Customer Experience",Platform.sh,Remote,https://www.indeed.com/viewjob?jk=a90c6c95b1209cb5
"General Hiring: Software Engineer, TikTok Product Engineering",TikTok,"Seattle, WA+3 locations",https://www.indeed.com/viewjob?jk=9ecfd209af3ef53c
Software Engineer,General Motors,+14 locationsRemote,https://www.indeed.com/viewjob?jk=97063a8456c74c8a
Python Developer,Nuvento systems,+1 locationRemote,https://www.indeed.com/viewjob?jk=f2beba2d5640fd15
Business Data Analyst - 4287353,Accenture,"Walnut Creek, CA+1 location",https://www.indeed.com/viewjob?jk=8186bfae9dea9503
"Desktop Systems Specialist, Level I",Lucasfilm,"San Francisco, CA 94129 (Presidio area)",https://www.indeed.com/viewjob?jk=b8a2315508208a9f
CONTRACT - Software Engineer (NTD),Nintendo of America Inc.,"Redmond, WA+1 location",https://www.indeed.com/viewjob?jk=bc2fb3971ccd94df
Python Developer,Swan Software Solutions,"Carmel, IN",https://www.indeed.com/viewjob?jk=32eaa9e1e80e8c5d
REMOTE QA Engineer - Python,Explore Jobs Search,"Remote in Denver, CO+6 locations",https://www.indeed.com/viewjob?jk=a0a601cad9f7ca47
Online Coding Instructor (Remote),CodeCombat,Remote,https://www.indeed.com/viewjob?jk=a349b5aacc54d9e1
Software Engineer - Undergrad New College Grad - Multiple Locations - 2022,Visa,"Austin, TX+17 locations",https://www.indeed.com/viewjob?jk=757618b14d38027a
Python Tester,Qcentrio,"San Diego, CA",https://www.indeed.com/viewjob?jk=6d398775eb7efc43
Software Engineer (Remote),GapJumpers,"Remote in San Francisco, CA",https://www.indeed.com/viewjob?jk=baaa8a0c1f573f17
Python/AWS Consultant,Intone Networks,"Malvern, AR",https://www.indeed.com/viewjob?jk=ce82f73087104ed3
Software Engineer,SmartAsset,+1 locationRemote,https://www.indeed.com/viewjob?jk=a83999fb6607d580
"Data Scientist, Product",Clubhouse,Remote,https://www.indeed.com/viewjob?jk=333367d0f62ebf4d
Sales Opportunities,RStudio,"Remote in Seattle, WA+1 location",https://www.indeed.com/viewjob?jk=8f0c4d2a405bc478
Opportunity Programs Python Adjunct Instructor & Tutor,New York University,"New York, NY 10012 (Greenwich Village area)",https://www.indeed.com/viewjob?jk=aaf32e0a9195b143
Python Dev / Analyst,Fuego Leads,"Columbus, OH 43215 (Downtown area)",https://www.indeed.com/viewjob?jk=71da39d9833d51ad
Software Engineer I,"VIZIO, Inc.","Denver, CO 80206 (Cherry Creek area)",https://www.indeed.com/viewjob?jk=995e9c62f71f86be
Informatica - Python,Cognizant Technology Solutions,"Remote in Richmond, VA",https://www.indeed.com/viewjob?jk=5739d204272cab93
Data Science Associate (Remote),pulseData,"Remote in New York, NY",https://www.indeed.com/viewjob?jk=93ba85428775f72d
Expert Malware Researcher,Nike,"Remote in Beaverton, OR",https://www.indeed.com/viewjob?jk=88e76e6bba14689a
Software Engineer II,Microsoft,"Redmond, WA 98052 (Overlake area)+71 locations",https://www.indeed.com/viewjob?jk=9401095e3b64ae52
Data Center Technician,Google,"New Albany, OH",https://www.indeed.com/viewjob?jk=47f629f359d56808
Windows Support Associate,Workforce Opportunity Services,"Manchester, NH",https://www.indeed.com/viewjob?jk=beff8ebc9773f235
Research Scientist 1 - Remote,NWEA,"Remote in Portland, OR 97209",https://www.indeed.com/viewjob?jk=78be1476bec84b6f
Data Analyst,S&P Global,+2 locationsRemote,https://www.indeed.com/viewjob?jk=0729eacf6ca810d9
Human Geographer,US National Geospatial-Intelligence Agency,"Remote in St. Louis, MO 63125",https://www.indeed.com/viewjob?jk=e7615a6cdb8d068b
"Machine Learning Engineer, Audio Understanding",Spotify,"Remote in New York, NY+7 locations",https://www.indeed.com/viewjob?jk=cf8b3597912616eb
"Data Analyst, Applied ML",Decide,Remote,https://www.indeed.com/viewjob?jk=fcebc63710f6f1e0
(Junior / Senior) Machine Learning (ML) Engineer - Sports Analytics,Zelus Analytics,"Remote in Austin, TX",https://www.indeed.com/viewjob?jk=aed83cca705bdf76
Software Developer,University of Maryland,"Hybrid remote in College Park, MD 20742",https://www.indeed.com/viewjob?jk=733d4756fc2c5a36
Junior Web Developer,HealPay,"Ann Arbor, MI+1 location",https://www.indeed.com/viewjob?jk=84e78087102e5db1
Python Developer,Clairvoyant,"Remote in Chandler, AZ 85226",https://www.indeed.com/viewjob?jk=c863b057044219e8
Data Scientist (Remote),Yelp,Remote,https://www.indeed.com/viewjob?jk=0072004f2d3180a4
​​​​​​​Data Analyst (Python),Qcentrio,Remote in United States+2 locations,https://www.indeed.com/viewjob?jk=338d8f46611cb799
Software Engineer 1,PayPal,"Remote in New York, NY+14 locations",https://www.indeed.com/viewjob?jk=c3897eebd7821bc0
Entry level Software Engineer - Assoc Degree,LOCKHEED MARTIN CORPORATION,"Littleton, CO 80125+1 location",https://www.indeed.com/viewjob?jk=5bcdb1a99095cad8
Full Stack Web Developer,Z NETWORKS,"Marysville, WA",https://www.indeed.com/viewjob?jk=86475bc0de4365b4
Backend Engineer,Logikcull,Remote,https://www.indeed.com/viewjob?jk=0f689934c3226d7f
Software Engineers & Web Developers,1DocWay,"New York, NY",https://www.indeed.com/viewjob?jk=597b9830f39b5420
Data Scientist,Stanislaus County,"Stanislaus County, CA+1 location",https://www.indeed.com/viewjob?jk=38ec664797b4b715
Business Intelligence Analyst,TikTok,"New York, NY 10017 (Midtown area)+1 location",https://www.indeed.com/viewjob?jk=21de06cc2dfab1dd
Senior Full Stack Web Developer,Noodle,"Remote in New York, NY 10003+1 location",https://www.indeed.com/viewjob?jk=61d6729cee74054a
"Security Engineer I, Offensive Security Penetration Testing",Amazon.com Services LLC,+126 locationsRemote,https://www.indeed.com/viewjob?jk=060fd44f6657635e
Federal - Entry Level Java Developer Apprentice,Accenture,"San Antonio, TX+3 locations",https://www.indeed.com/viewjob?jk=8b72aba9f75ea34c
Research Engineer,Optiver,"Austin, TX",https://www.indeed.com/viewjob?jk=adcd5b2860b6d49d
Risk Analyst,TikTok,"Austin, TX 78745",https://www.indeed.com/viewjob?jk=9c1bbd012d8d85cc
QA Engineer (Remote),SwissBorg,Remote,https://www.indeed.com/viewjob?jk=d35d2cf538d639a0
"Analyst, Corporate Strategy",Yelp,Remote,https://www.indeed.com/viewjob?jk=786a70f7a4f082c8
Data Scientist Assistant,American Institutes for Research,Remote+2 locations,https://www.indeed.com/viewjob?jk=4e5558ab9037b8f1
Remote Senior Blockchain Developer(Ethereum),RemoteStar Ltd,"Remote in California, MD",https://www.indeed.com/viewjob?jk=ea1c7b4879665043
Entry / Mid Level Python Developer,Rush Order,"Gilroy, CA 95020",https://www.indeed.com/viewjob?jk=819b16509e3abcc5
Software QA Engineer - DFM (Remote - US only),Siemens,"Remote in Seattle, WA 98134+6 locations",https://www.indeed.com/viewjob?jk=28381ff006014451
Research Scientist - Optics,Corning,"Painted Post, NY+2 locations",https://www.indeed.com/viewjob?jk=1f58c2007fb09a15
Database Administration Specialist 2 - Hybrid Telework,State of Ohio Jobs,"Remote in Columbus, OH 43215",https://www.indeed.com/viewjob?jk=259038415b1553ab
College Graduates - Full-Time - Junior Software Engineer,Old Mission,"Chicago, IL 60654 (River North area)",https://www.indeed.com/viewjob?jk=eac7bf50b3aa46ae
Python Developer,"Orpine, Inc. Internal",United States,https://www.indeed.com/viewjob?jk=173e13379895bd57
Part-Time Instructor: Python Programming (Online),The Regents of the University of California,"Remote in Irvine, CA+1 location",https://www.indeed.com/viewjob?jk=d77aabb290404136
Full Stack Software Engineer,Wiley,Remote in California,https://www.indeed.com/viewjob?jk=991dc7105c5dc8d7
Python Developer,University of Texas at Austin,"Austin, TX 78701 (Downtown area)+2 locations",https://www.indeed.com/viewjob?jk=4377f8a569003e82
Data Analyst + Apprentice (Entry-Level),New Apprenticeship,"Raleigh, NC 27617 (Northwest Raleigh area)+5 locations",https://www.indeed.com/viewjob?jk=ff09b68e0d18d36e
Python Developer Work,BairesDev,"Remote in Los Angeles, CA",https://www.indeed.com/viewjob?jk=2d9e04da40b4338d
Flutter Developer,Start Studio,"Provo, UT",https://www.indeed.com/viewjob?jk=777148de4ffad9cf
Customer Data Analyst (Remote),Pearson,"Remote in Juneau, AK 99811+51 locations",https://www.indeed.com/viewjob?jk=3c723d57343ab33a
Data Scientist,Pinterest,"Seattle, WA 98101 (Denny Triangle area)+2 locations",https://www.indeed.com/viewjob?jk=287fb5d322cfb191
Jira and Atlassian Administrator,Wisk Aero,Remote,https://www.indeed.com/viewjob?jk=77e0d0591a19e865
Frontend Engineer,Amplemarket,Remote,https://www.indeed.com/viewjob?jk=66383b68a3314252
Online MBA Adjunct Faculty and Course Developers,Husson University,+1 locationRemote,https://www.indeed.com/viewjob?jk=1c5f4dd135d69293
Python Developer (Remote),NetCore Cloud Jobs,Remote,https://www.indeed.com/viewjob?jk=f4875f77da49323c
Software Engineer I,Principal Financial Group,"Remote in Des Moines, IA 50392+1 location",https://www.indeed.com/viewjob?jk=aa75e11afc286d96
Software Test Engineer Senior - Python - Remote,CSG,Remote in Texas,https://www.indeed.com/viewjob?jk=03cd1e830eeab173
"DevOps Engineer, Blink",Amazon.com Services LLC,+17 locationsRemote,https://www.indeed.com/viewjob?jk=8b7f5aa1785dba23
Technical Support Engineer,RStudio,+1 locationRemote,https://www.indeed.com/viewjob?jk=adbe31280a9ebf8f
Data Scientist - Remote,McAfee,"Remote in San Jose, CA 95002",https://www.indeed.com/viewjob?jk=8805bfb40d367acb
Data Engineer - 4310785,Accenture,"Seattle, WA 98101 (Downtown area)+112 locations",https://www.indeed.com/viewjob?jk=90688e37c220ecac
Data Analyst - Tiktok Ads,TikTok,"Seattle, WA+20 locations",https://www.indeed.com/viewjob?jk=ea2bf81d89f746f0
Senior Python Engineer,SHR Talent,"Remote in Nashville, TN 37203",https://www.indeed.com/viewjob?jk=935713b4c0934f1c
Senior Python Engineer,Atlas Labs,Remote,https://www.indeed.com/viewjob?jk=4e515616a680e925
Sr. Python Engineer,Explore Jobs Search,"Plano, TX+4 locations",https://www.indeed.com/viewjob?jk=0f8dfc06ef712770
IT Data Analyst - Remote/WFH Option (7954),The Rawlings Group,"Remote in La Grange, KY 40031",https://www.indeed.com/viewjob?jk=0167f2944767b843
Data Analyst,KEYENCE,"Itasca, IL 60143",https://www.indeed.com/viewjob?jk=f495171c3d2d2390
Senior Python Engineer,SHR Talent,"Remote in Nashville, TN 37203",https://www.indeed.com/viewjob?jk=935713b4c0934f1c
Software Developer (REMOTE),SAS Institute Inc,"Remote in Cary, NC 27513+1 location",https://www.indeed.com/viewjob?jk=df21bd3c112cb8ee
GIS Specialist,Axim Geospatial,Remote,https://www.indeed.com/viewjob?jk=219d918f55da3262
Apprentice Software Engineer,ProObject,"Annapolis Junction, MD+1 location",https://www.indeed.com/viewjob?jk=d84a965184059de1
Data & Applied Sciences: Full Time Opportunities for PhD Graduates,Microsoft,"Redmond, WA 98052 (Overlake area)",https://www.indeed.com/viewjob?jk=ca3bed56c424b0db
Data Scientist (Junior),BDSA,"Remote in Louisville, CO",https://www.indeed.com/viewjob?jk=c1e2abfc99160b71
Quality Engineer - Home,Apple,"Cupertino, CA+10 locations",https://www.indeed.com/viewjob?jk=715bef6aa616d504
Software Engineer,Parabola,"Remote in New York, NY 10012",https://www.indeed.com/viewjob?jk=92d56dc313ac0f31
Software Engineer II,"O'Neil Global Advisors, Inc.","Remote in Los Angeles, CA 90066",https://www.indeed.com/viewjob?jk=416567280e7a40ef
"BIE, Student Programs, Student Programs",Amazon.com Services LLC,"Arlington, VA",https://www.indeed.com/viewjob?jk=eab118b5f2caf4cd
Data Analyst,Epsilon,"Franklin, TN 37067 (McEwen area)+2 locations",https://www.indeed.com/viewjob?jk=5c3b48692e31c8a9
Data Scientist,SharkNinja,"Needham, MA",https://www.indeed.com/viewjob?jk=4eaaeb6358f3a556
Python Developer,Value Info Tech,"Phoenix, AZ",https://www.indeed.com/viewjob?jk=2fa1acf7705f32ea
Data Scientist,Afiniti,"Washington, DC",https://www.indeed.com/viewjob?jk=f6cd2e6da832258b
Data Scientist,Millennium Trust Company,Remote,https://www.indeed.com/viewjob?jk=9df878e113eb4f48
Data Analyst,Code.org,Remote,https://www.indeed.com/viewjob?jk=3232326179d8c622
QA Manager,Atlas Labs,Remote,https://www.indeed.com/viewjob?jk=f88efc11de74b3cf
Jr. QA Engineer,Aperture Credentialing LLC,Remote,https://www.indeed.com/viewjob?jk=d5433babf461cf6d
Information Security Analyst,Appriss,Remote,https://www.indeed.com/viewjob?jk=9849e8cb33980bcd
Python / PostGreSQL Developer (CONTRACT),"Galaxy Management Group, Inc.","Houston, TX",https://www.indeed.com/viewjob?jk=61b2bbb6a4051237
Frontend App Developer,NRG,"Bluffdale, UT 84065",https://www.indeed.com/viewjob?jk=d31bfad8a8a47be2
Model Risk Reporting Analyst (remote),Charles Schwab,"Hybrid remote in Lone Tree, CO 80124",https://www.indeed.com/viewjob?jk=a9aa9c974aca3915
"Jr. Servicenow Developer, Security Products",Amazon.com Services LLC,"Austin, TX+1 location",https://www.indeed.com/viewjob?jk=068eab90568a2e2c
Associate software engineer,CapeStart,"Cambridge, MA 02142 (East Cambridge area)",https://www.indeed.com/viewjob?jk=0950454e2cacae5b
Tableau Developer,"Buildertrend Solutions, Inc.","Remote in Omaha, NE 68137",https://www.indeed.com/viewjob?jk=81b831ae31af45ea
Data Engineer,Tesla,"Austin, TX+8 locations",https://www.indeed.com/viewjob?jk=c88b779349d52e66
Data Scientist,Waymo,"Mountain View, CA+2 locations",https://www.indeed.com/viewjob?jk=03a44866d318d810
IT Data Specialist - Entry Level IT Position,CACI,"Washington, DC 20005 (Logan Circle area)",https://www.indeed.com/viewjob?jk=e85310a253dc4c11
FULL STACK DEVELOPMENT OPPORTUNITY (FULL-TIME) – 100% Remote,Performance,"Remote in Rockville, MD 20850+17 locations",https://www.indeed.com/viewjob?jk=3eef5a27dd96db1c
Data Scientist,The J. M. Smucker Company,Remote,https://www.indeed.com/viewjob?jk=5b5da1c5fb5769a9
Junior Software Engineer,"Modern Technology Solutions, Inc.","Colorado Springs, CO 80901",https://www.indeed.com/viewjob?jk=5733aaac9541529c
Python Developer,Mobilunity,Remote in United States,https://www.indeed.com/viewjob?jk=3c99519dd7beac7f
Research Assistant,Brown University,"Providence, RI 02912 (College Hill area)",https://www.indeed.com/viewjob?jk=a4014cffcbdab5c5
Model Risk Validator,Natixis North America Inc.,United States,https://www.indeed.com/viewjob?jk=4fba53c274373505
Software Engineer - 100% Remote,Pluralsight,"Remote in Boston, MA+3 locations",https://www.indeed.com/viewjob?jk=02f0453a2ddca3a3
"Healthcare Research Scientist II, Amazon Care Impact Research",Amazon.com Services LLC,+37 locationsRemote,https://www.indeed.com/viewjob?jk=d12f51fbbe0ed2c8
Data Analyst,Zilliant,Remote,https://www.indeed.com/viewjob?jk=a785db5e564077d3
Non OHSU Student Worker,Oregon Health & Science University,Remote in United States+1 location,https://www.indeed.com/viewjob?jk=a156cb9c3964efcc
SR PYTHON PROGRAMMER,Right Talents,Remote,https://www.indeed.com/viewjob?jk=32a1407bebc09382
Data Scientist,Parsons,"Columbia, MD+5 locations",https://www.indeed.com/viewjob?jk=cf6c60af3f0579ee
"Criminal Intelligence Analyst, FUSE Intel (US)",TikTok,"Washington, DC",https://www.indeed.com/viewjob?jk=0f0c27c1f8a6c11f
Associate Software Development Engineer,Delta,"Atlanta, GA+4 locations",https://www.indeed.com/viewjob?jk=178f9d30fa4918d4
Software Engineer (Python/Go) - Remote,Akamai,Remote in United States,https://www.indeed.com/viewjob?jk=91e356b966234d6c
Java Developer - Remote,Qcentrio,Remote in United States,https://www.indeed.com/viewjob?jk=96c2db500fb827aa
Junior AI/ML Software Developer,Paradyme Management,"Remote in Washington, DC",https://www.indeed.com/viewjob?jk=3fa5b2fba5a53a83
Software Engineer,SmartAsset,+1 locationRemote,https://www.indeed.com/viewjob?jk=a83999fb6607d580
Python Developer,citius tech,"Remote in Princeton, NJ",https://www.indeed.com/viewjob?jk=8be4fbf0157addd8
자바&파이썬 웹애플리케이션 전문가 양성과정 모집,kt ds University,서울 서초구,https://www.jobkorea.co.kr//Recruit/GI_Read/38468886?Oem_Code=C1&logpath=1&stext=python&listno=1
[정규/경력] IT개발자 인재 채용 (파이썬),통로이미지㈜,서울 중구,https://www.jobkorea.co.kr//Recruit/GI_Read/38889619?Oem_Code=C1&logpath=1&stext=python&listno=2
[취업교육]자바&웹개발/파이썬&AI(인공지능) SW개발자 양성 교육 연수생 모집,TIS정보기술교육센터,서울 영등포구 외,https://www.jobkorea.co.kr//Recruit/GI_Read/38464126?Oem_Code=C1&logpath=1&stext=python&listno=3
[개발자채용] 빅데이터플랫폼/Python 경력 모집,㈜핸디소프트,경기 안양시,https://www.jobkorea.co.kr//Recruit/GI_Read/38784473?Oem_Code=C1&logpath=1&stext=python&listno=4
"자동차 SW Test 자동화 개발자 (C, C++, Python) 및 QA",링크제니시스,인천 서구 외,https://www.jobkorea.co.kr//Recruit/GI_Read/38776920?Oem_Code=C1&logpath=1&stext=python&listno=5
[Python] Backend Developer (Python/Tech Lead/10년이상),㈜위대한상상,서울 서초구 외,https://www.jobkorea.co.kr//Recruit/GI_Read/38661219?Oem_Code=C1&logpath=1&stext=python&listno=6
[패스트파이브] 시니어 백엔드 개발자 (Python),패스트파이브,서울 강남구,https://www.jobkorea.co.kr//Recruit/GI_Read/38645178?Oem_Code=C1&logpath=1&stext=python&listno=7
[패스트파이브] 주니어 백엔드 개발자 (Python),패스트파이브,서울 강남구,https://www.jobkorea.co.kr//Recruit/GI_Read/38645194?Oem_Code=C1&logpath=1&stext=python&listno=8
급구-엑스퍼트컨설팅에서 python 전문 강사를 모집 합니다.,㈜엑스퍼트컨설팅,서울 송파구,https://www.jobkorea.co.kr//Recruit/GI_Read/38545876?Oem_Code=C1&logpath=1&stext=python&listno=9
IT 강사 모집(Python),한국직업전문학교,서울 구로구,https://www.jobkorea.co.kr//Recruit/GI_Read/38472973?Oem_Code=C1&logpath=1&stext=python&listno=10
"[정규직/경력무관] 데이터분석 및 개발업무 (R,Python)",㈜이지서티,서울 강남구 외,https://www.jobkorea.co.kr//Recruit/GI_Read/38362866?Oem_Code=C1&logpath=1&stext=python&listno=11
빅데이터 및 인공지능(Python 프로그램) 분석가 채용 공고,㈜와이비에스,경기 성남시 외,https://www.jobkorea.co.kr//Recruit/GI_Read/38324448?Oem_Code=C1&logpath=1&stext=python&listno=12
"[본사/광고대행사업부] Java, Python,빅데이터기반 솔루션 개발 / BI 시각화 Tableau 개발 각 부문 채용",㈜포이시스,서울 금천구 외,https://www.jobkorea.co.kr//Recruit/GI_Read/38187258?Oem_Code=C1&logpath=1&stext=python&listno=13
(주)인피닉 - AI Studio LAB 신입 자바&파이썬 개발자 모집,㈜인피닉,서울 강남구,https://www.jobkorea.co.kr//Recruit/GI_Read/38162312?Oem_Code=C1&logpath=1&stext=python&listno=14
"솔루션 기반 프로그래머(C#, Python, Oracle SQL) 모집",오상자이엘 ㈜,인천 부평구,https://www.jobkorea.co.kr//Recruit/GI_Read/38111305?Oem_Code=C1&logpath=1&stext=python&listno=15
"인공지능 (딥러닝) 개발자, Python 능력자(신입과 경력 : 병역특례(보충역) 가능).",㈜비타소프트,서울 구로구,https://www.jobkorea.co.kr//Recruit/GI_Read/38110574?Oem_Code=C1&logpath=1&stext=python&listno=16
"[일진그룹 계열사] 초음파 신호처리/영상처리 엔지니어(Matlab, Python)",알피니언메디칼시스템㈜,경기 안양시 외,https://www.jobkorea.co.kr//Recruit/GI_Read/38104109?Oem_Code=C1&logpath=1&stext=python&listno=17
연구소 IT개발(서버/백엔드/프론트엔드/AI빅데이터/Java/Python/웹 퍼블리셔) 대규모 채용,㈜이글루코퍼레이션,서울 송파구,https://www.jobkorea.co.kr//Recruit/GI_Read/38882582?Oem_Code=C1&logpath=1&stext=python&listno=18
"IT 개발분야(JAVA,WEB,RPA,Python등) 실습보조강사 모십니다.",㈜한경닷컴,서울 영등포구,https://www.jobkorea.co.kr//Recruit/GI_Read/38586210?Oem_Code=C1&logpath=1&stext=python&listno=19
"[본사/대구/부산] Java / Python 활용 / Android/ios/ 금융솔루션 개발자 및 디자이너 채용 공고(경력, 신입)",㈜포이시스,서울 금천구 외,https://www.jobkorea.co.kr//Recruit/GI_Read/37972856?Oem_Code=C1&logpath=1&stext=python&listno=20
"[ 초긴급,,, (Java & Node.JS & Python)개발자 - 기흥 or 잠실역 ]",㈜아이티사람들,경기 용인시 외,https://www.jobkorea.co.kr//Recruit/GI_Read/38893139?Oem_Code=C1&logpath=1&stext=python&listno=21
"SI, SM 프리랜서 ( Python/Vue.js/React/Java )",㈜에스메이트,서울 금천구 외,https://www.jobkorea.co.kr//Recruit/GI_Read/38890654?Oem_Code=C1&logpath=1&stext=python&listno=22
".NET C# Python 개발자 (경력/신입, 창원)",㈜무른모,경남 창원시 외,https://www.jobkorea.co.kr//Recruit/GI_Read/38890629?Oem_Code=C1&logpath=1&stext=python&listno=23
"[IT사회적기업] Android, iOS, Node.js, Python백엔드 개발자 경력(신입)자 모집",라임프렌즈,서울 금천구 외,https://www.jobkorea.co.kr//Recruit/GI_Read/38888744?Oem_Code=C1&logpath=1&stext=python&listno=24
"[메가스터디 SW입시센터] 프로그래밍 강사 모집( Python, Unity )",㈜커리어게이트,서울 강남구,https://www.jobkorea.co.kr//Recruit/GI_Read/38888421?Oem_Code=C1&logpath=1&stext=python&listno=25
"[경력] 풀스택 (Javascript/React, Node.js/Python) 개발자 모집",㈜에이시지알,서울 용산구,https://www.jobkorea.co.kr//Recruit/GI_Read/38886844?Oem_Code=C1&logpath=1&stext=python&listno=26
"여의도 LG전자 데이터 에코 플랫폼 데이터 전처리 파싱 유지보수 Python parsing, AWS, Spark, scala, RDB 경험자를 모집 합니다. (c10)",(주)케이씨엠에스(kcms),서울 영등포구,https://www.jobkorea.co.kr//Recruit/GI_Read/38886735?Oem_Code=C1&logpath=1&stext=python&listno=27
"[병역특례(보충역,전직 산업기능요원)] 인공지능(딥러닝) 개발자, Python 능력자 프로그래머 모집",㈜비전인사이드,서울 동대문구,https://www.jobkorea.co.kr//Recruit/GI_Read/38884730?Oem_Code=C1&logpath=1&stext=python&listno=28
[경력/프리] 딥러닝 파이썬 데이터분석,㈜데이터위버,서울 중구 외,https://www.jobkorea.co.kr//Recruit/GI_Read/38878897?Oem_Code=C1&logpath=1&stext=python&listno=29
[신입] 파이썬 딥러닝 데이터분석,㈜데이터위버,서울 중구 외,https://www.jobkorea.co.kr//Recruit/GI_Read/38878861?Oem_Code=C1&logpath=1&stext=python&listno=30
"인공지능, 빅데이터 분야 (자바,파이썬) 강사 모집",미래융합교육원,대전 서구,https://www.jobkorea.co.kr//Recruit/GI_Read/38874522?Oem_Code=C1&logpath=1&stext=python&listno=31
Python기반 웹데이터 수집 및 정제 시스템 관리 /고도화 개발자 모집,비즈데이터,강원 춘천시,https://www.jobkorea.co.kr//Recruit/GI_Read/38872212?Oem_Code=C1&logpath=1&stext=python&listno=32
Python 백엔드 개발자 모집,㈜아이메디신,서울 강남구 외,https://www.jobkorea.co.kr//Recruit/GI_Read/38871515?Oem_Code=C1&logpath=1&stext=python&listno=33
[신입/경력] 보안 웹 서비스 개발자(Java / Python / JavaScript),㈜가이온,서울 강남구,https://www.jobkorea.co.kr//Recruit/GI_Read/38871132?Oem_Code=C1&logpath=1&stext=python&listno=34
"[정규직/연4,800-6,500] 키스템프 본사 웹개발자(Asp.net/Python/Django)",㈜키스템프,서울 중구 외,https://www.jobkorea.co.kr//Recruit/GI_Read/38867277?Oem_Code=C1&logpath=1&stext=python&listno=35
"php, python 웹프로그래머 모집",㈜웹프라자,서울 금천구,https://www.jobkorea.co.kr//Recruit/GI_Read/38865521?Oem_Code=C1&logpath=1&stext=python&listno=36
백엔드/서버/Python 개발자/연구원 모집,더스카이랩㈜,대전 유성구,https://www.jobkorea.co.kr//Recruit/GI_Read/38865210?Oem_Code=C1&logpath=1&stext=python&listno=37
백엔드/서버/Python 개발자/연구원 모집(서울·경기),더스카이랩㈜,경기 안양시,https://www.jobkorea.co.kr//Recruit/GI_Read/38865143?Oem_Code=C1&logpath=1&stext=python&listno=38
"(정자) python 백엔드 개발 (7월,고급/중급/초급포함)",㈜디투엘,경기 성남시,https://www.jobkorea.co.kr//Recruit/GI_Read/38864954?Oem_Code=C1&logpath=1&stext=python&listno=39
"[비상주과제] java ,Rest Api,vue.js, python 등 클라우드 프레임웍 개발과제",㈜디지토피아,서울 금천구 외,https://www.jobkorea.co.kr//Recruit/GI_Read/38860681?Oem_Code=C1&logpath=1&stext=python&listno=40
JAVA(자바)&파이썬(Python) 프로그래밍 강사님을 모집합니다.,그린컴퓨터아트학원 전주캠퍼스,전북 전주시,https://www.jobkorea.co.kr//Recruit/GI_Read/38857561?Oem_Code=C1&logpath=1&stext=python&listno=41
[경력별협의/SAS/파이썬]나이스평가정보 기업공공사업실 데이터분석업무 채용,㈜제이앤비컨설팅,서울 영등포구 외,https://www.jobkorea.co.kr//Recruit/GI_Read/38854790?Oem_Code=C1&logpath=1&stext=python&listno=42
[효성ITX] 웹개발/웹솔루션 및 파이썬(Pyton) 개발자 모집,효성ITX㈜,서울 영등포구,https://www.jobkorea.co.kr//Recruit/GI_Read/38843127?Oem_Code=C1&logpath=1&stext=python&listno=43
[유연근무] Python 개발자를 모집합니다,코리아센터,서울 금천구 외,https://www.jobkorea.co.kr//Recruit/GI_Read/38842739?Oem_Code=C1&logpath=1&stext=python&listno=44
"Python/JAVA, 웹/응용 개발자 모집 - 신입, 경력",㈜인사이트정보,서울 강남구,https://www.jobkorea.co.kr//Recruit/GI_Read/38842324?Oem_Code=C1&logpath=1&stext=python&listno=45
Java/JSP/Python/빅데이터/AI 경력직 채용,미래아이티㈜,서울 송파구,https://www.jobkorea.co.kr//Recruit/GI_Read/38842096?Oem_Code=C1&logpath=1&stext=python&listno=46
"웹 자바, 파이썬 경력  개발자 구인(전문연구요원)",㈜에스에프테크놀로지,서울 금천구,https://www.jobkorea.co.kr//Recruit/GI_Read/38839271?Oem_Code=C1&logpath=1&stext=python&listno=47
(추가모집)데이터 가공 분석  Python 개발자 모집,싸인랩,부산 부산진구 외,https://www.jobkorea.co.kr//Recruit/GI_Read/38833899?Oem_Code=C1&logpath=1&stext=python&listno=48
"[IT 강사모집] 자바, 파이썬, 웹개발 / 국비, 평일, 주말 IT강사 모집",㈜코리아정보보안아이티아카데미,서울 강남구,https://www.jobkorea.co.kr//Recruit/GI_Read/38833244?Oem_Code=C1&logpath=1&stext=python&listno=49
[DYB교육] 라이브 플랫폼 개발(Python) 경력자 모집,파르테논어학원,서울 강남구,https://www.jobkorea.co.kr//Recruit/GI_Read/38830703?Oem_Code=C1&logpath=1&stext=python&listno=50
SI/개발/이커머스.손익및리스크관리/08.01-22.12.31/시청역/중급/python/,㈜조인아이티,서울 중구,https://www.jobkorea.co.kr//Recruit/GI_Read/38830531?Oem_Code=C1&logpath=1&stext=python&listno=51
SM/운영/화학.데이터/Python/즉시-22.12.31(계속)/여의도.트윈타워)/고급/,조인아이티,서울 영등포구,https://www.jobkorea.co.kr//Recruit/GI_Read/38817168?Oem_Code=C1&logpath=1&stext=python&listno=52
"Python개발(인공지능,교통 관련) 경력자 모집",이지지아이에스㈜,서울 구로구 외,https://www.jobkorea.co.kr//Recruit/GI_Read/38810636?Oem_Code=C1&logpath=1&stext=python&listno=53
"[IT사회적기업 라임프렌즈] Node.js, Python백엔드 팀장 모집",라임프렌즈,서울 금천구,https://www.jobkorea.co.kr//Recruit/GI_Read/38804009?Oem_Code=C1&logpath=1&stext=python&listno=54
"[급구]빅데이터 ML 플랫폼 POC 구축 Python , Java 개발자 구함",㈜앱컴파니,경기 성남시,https://www.jobkorea.co.kr//Recruit/GI_Read/38798213?Oem_Code=C1&logpath=1&stext=python&listno=55
[급구]체계 구측을 위한 Python 개발자 모집,㈜앱컴파니,경기 성남시,https://www.jobkorea.co.kr//Recruit/GI_Read/38798198?Oem_Code=C1&logpath=1&stext=python&listno=56
"프로그램 개발자 모집(Machine Vision, AI(Python), C, C#, C++)",㈜케이텍,경북 포항시,https://www.jobkorea.co.kr//Recruit/GI_Read/38792815?Oem_Code=C1&logpath=1&stext=python&listno=57
"Spring, Python 개발자 신입/경력 모집",㈜유더블유에스,서울 강남구 외,https://www.jobkorea.co.kr//Recruit/GI_Read/38770960?Oem_Code=C1&logpath=1&stext=python&listno=58
"프로그램 (Java, Python) 개발 부문 정규직 채용 (대전)",(주)지란지교데이터,대전 유성구 외,https://www.jobkorea.co.kr//Recruit/GI_Read/38789324?Oem_Code=C1&logpath=1&stext=python&listno=59
파이썬 스크립터(Python Scripter) 모집 (계약직),알체라,서울 강남구 외,https://www.jobkorea.co.kr//Recruit/GI_Read/38788985?Oem_Code=C1&logpath=1&stext=python&listno=60
"[밸류어블] 소프트웨어 개발 및 데이터 가공 담당 개발자 채용(Python, C#, JAVA)",㈜밸류어블,서울 서초구,https://www.jobkorea.co.kr//Recruit/GI_Read/38785024?Oem_Code=C1&logpath=1&stext=python&listno=61
"스마트 빅데이터분석 머신러닝활용 프로젝트개발(파이썬, kaggle, CLOVA)",이젠아카데미컴퓨터학원,인천 남동구 외,https://www.jobkorea.co.kr//Recruit/GI_Read/38780647?Oem_Code=C1&logpath=1&stext=python&listno=62
Python 개발자 신입/경력 채용,㈜에이알컴즈,서울 강서구,https://www.jobkorea.co.kr//Recruit/GI_Read/38777405?Oem_Code=C1&logpath=1&stext=python&listno=63
C# or JAVA or Python 중 하나 이상 가능하신 개발자님 채용합니다.,유소프트,서울 영등포구 외,https://www.jobkorea.co.kr//Recruit/GI_Read/38764323?Oem_Code=C1&logpath=1&stext=python&listno=64
"2022 DataAnalysis, (Python/JAVA/SAS) 정규직 채용",허브넷컴퍼니,대전 유성구,https://www.jobkorea.co.kr//Recruit/GI_Read/38762359?Oem_Code=C1&logpath=1&stext=python&listno=65
"통신장비 시험 소프트웨어 개발(Linux, Python, C++) 모집합니다.",알앤엠텍,서울 영등포구,https://www.jobkorea.co.kr//Recruit/GI_Read/38759565?Oem_Code=C1&logpath=1&stext=python&listno=66
"SI/개발/전자.Device,datalake고도화/06.20-22.12.31/여의도/중급-고급/python/데이터레이크고도화/",㈜조인아이티,서울 영등포구,https://www.jobkorea.co.kr//Recruit/GI_Read/38754669?Oem_Code=C1&logpath=1&stext=python&listno=67
Python개발자/Machine Vision/이미지분석/Text 분석,디비디스커버코리아,서울 영등포구,https://www.jobkorea.co.kr//Recruit/GI_Read/38754375?Oem_Code=C1&logpath=1&stext=python&listno=68
빅데이터 플랫폼 SW/데이터엔지니어(JAVA/Python/C++) 개발자 채용,㈜컨셉터스,서울 강남구,https://www.jobkorea.co.kr//Recruit/GI_Read/38750525?Oem_Code=C1&logpath=1&stext=python&listno=69
"백엔드 개발자 시니어 (Python, C)",쿼터백그룹,서울 영등포구,https://www.jobkorea.co.kr//Recruit/GI_Read/38749950?Oem_Code=C1&logpath=1&stext=python&listno=70
Python 백엔드 개발자 주니어,쿼터백그룹,서울 영등포구,https://www.jobkorea.co.kr//Recruit/GI_Read/38749800?Oem_Code=C1&logpath=1&stext=python&listno=71
"[KGA] 자바/ 파이썬 웹 개발 교강사 채용(주5일, 워라밸)",㈜경일게임아카데미,서울 강동구,https://www.jobkorea.co.kr//Recruit/GI_Read/38742278?Oem_Code=C1&logpath=1&stext=python&listno=72
"[정규직] 웹개발자 모집(java, php, python) (4일제)",㈜플랜아이,서울 마포구,https://www.jobkorea.co.kr//Recruit/GI_Read/38741627?Oem_Code=C1&logpath=1&stext=python&listno=73
Python 개발자 채용 (2년 이상),Interspark Korea,서울 서초구,https://www.jobkorea.co.kr//Recruit/GI_Read/38738561?Oem_Code=C1&logpath=1&stext=python&listno=74
[주4.5일근무] Python 개발직무 경력 채용,㈜인라이플,서울 구로구 외,https://www.jobkorea.co.kr//Recruit/GI_Read/38729727?Oem_Code=C1&logpath=1&stext=python&listno=75
"JAVA, Python 웹 개발 신입/경력 사원 모집",두타위즈,서울 금천구,https://www.jobkorea.co.kr//Recruit/GI_Read/38726909?Oem_Code=C1&logpath=1&stext=python&listno=76
백엔드 엔지니어 모집(Python/Javascript),시스메틱,서울 영등포구,https://www.jobkorea.co.kr//Recruit/GI_Read/38727189?Oem_Code=C1&logpath=1&stext=python&listno=77
"[메가스터디IT아카데미] 프로그래밍, C언어, JAVA, Python 강사채용",메가스터디아이티아카데미신촌학원,서울 마포구 외,https://www.jobkorea.co.kr//Recruit/GI_Read/38727056?Oem_Code=C1&logpath=1&stext=python&listno=78
[양재] Python 중급이상1명  시스템 운영,㈜티엔블루,서울 서초구,https://www.jobkorea.co.kr//Recruit/GI_Read/38721321?Oem_Code=C1&logpath=1&stext=python&listno=79
[가산동] Python 고급 파이선 기반 데이터 분석 서버 모듈 개발,㈜티엔블루,서울 금천구,https://www.jobkorea.co.kr//Recruit/GI_Read/38721061?Oem_Code=C1&logpath=1&stext=python&listno=80
"[신입/경력] 원주지역 개발자 채용. Java, Python, 백엔드, 응용서비스 개발 등",㈜인프라큐브,강원 원주시,https://www.jobkorea.co.kr//Recruit/GI_Read/38709783?Oem_Code=C1&logpath=1&stext=python&listno=81
Python개발자 모집(업계 최고 단가/워라밸 보장),프로덕트에셋컨설팅,서울 금천구 외,https://www.jobkorea.co.kr//Recruit/GI_Read/38703148?Oem_Code=C1&logpath=1&stext=python&listno=82
"[가산디지털]대기업 데이터분석,PYTHON인력을 구인합니다(즉시부터 연말,장기가능)",누리꿈소프트㈜,서울 강남구,https://www.jobkorea.co.kr//Recruit/GI_Read/38689305?Oem_Code=C1&logpath=1&stext=python&listno=83
"[수원,대기업] 데이터분석,Python개발자를 구인합니다(7월 부터 12월말)",누리꿈소프트㈜,서울 강남구 외,https://www.jobkorea.co.kr//Recruit/GI_Read/38689295?Oem_Code=C1&logpath=1&stext=python&listno=84
신규 웹프로젝트를 이끌어갈 Python / Django 개발자 모십니다.,코리아뉴스와이어,서울 중구,https://www.jobkorea.co.kr//Recruit/GI_Read/38685130?Oem_Code=C1&logpath=1&stext=python&listno=85
"생체정보 추출 영상처리 알고리즘 개발(C++, Python)",바이오커넥트,서울 서초구,https://www.jobkorea.co.kr//Recruit/GI_Read/38680655?Oem_Code=C1&logpath=1&stext=python&listno=86
[ 부산IT 취업 ] 자바(JAVA) 파이썬(Python) 기반의 서비스 산업 데이터를 활용한 빅데이터 분석,센텀직업전문학교,부산 해운대구 외,https://www.jobkorea.co.kr//Recruit/GI_Read/38676836?Oem_Code=C1&logpath=1&stext=python&listno=87
[그랫] Django 기반 Rest Api 파이썬 서버 개발,주식회사 그랫,서울 구로구,https://www.jobkorea.co.kr//Recruit/GI_Read/38674771?Oem_Code=C1&logpath=1&stext=python&listno=88
[JAVA/Python 모집] LG전자 클라우드 플랫폼 개발운영(SM),㈜다모아솔루션,서울 강서구,https://www.jobkorea.co.kr//Recruit/GI_Read/38673677?Oem_Code=C1&logpath=1&stext=python&listno=89
"웹(Python,Java)개발자 채용공고",더베스트,서울 영등포구,https://www.jobkorea.co.kr//Recruit/GI_Read/38673644?Oem_Code=C1&logpath=1&stext=python&listno=90
Python 개발자 채용 (2년 이상 경력),Interspark Korea,서울 서초구,https://www.jobkorea.co.kr//Recruit/GI_Read/38669629?Oem_Code=C1&logpath=1&stext=python&listno=91
[AI·인공지능사업부] 웹/python/백엔드 개발자 채용 (경력),이파피루스,경기 성남시,https://www.jobkorea.co.kr//Recruit/GI_Read/38599856?Oem_Code=C1&logpath=1&stext=python&listno=92
개발자 채용 C++ C# Java Oracle Python,㈜한서디지털트윈,서울 강서구,https://www.jobkorea.co.kr//Recruit/GI_Read/38668638?Oem_Code=C1&logpath=1&stext=python&listno=93
"[더조은컴퓨터학원 구로캠퍼스] 파이썬, R 주말반 강사 채용",더조은컴퓨터학원,서울 구로구,https://www.jobkorea.co.kr//Recruit/GI_Read/38660252?Oem_Code=C1&logpath=1&stext=python&listno=94
파이썬(WEB) 또는 VC++(제어) 경력 개발자,Enssel㈜,경기 성남시,https://www.jobkorea.co.kr//Recruit/GI_Read/38632818?Oem_Code=C1&logpath=1&stext=python&listno=95
C언어 / JAVA / Python 강사님 모집중 [코리아교육그룹],에스씨에이아카데미혜화,서울 종로구,https://www.jobkorea.co.kr//Recruit/GI_Read/38629086?Oem_Code=C1&logpath=1&stext=python&listno=96
솔루션/서비스 개발자 모집 (Python/Java/PHP/iOS/Android),㈜보인정보기술,서울 서초구,https://www.jobkorea.co.kr//Recruit/GI_Read/38628819?Oem_Code=C1&logpath=1&stext=python&listno=97
"SBS아카데미 노원 교육부(C언어, 자바, 파이썬) 강사 모집",㈜에스씨에이아카데미노원,서울 노원구,https://www.jobkorea.co.kr//Recruit/GI_Read/38618378?Oem_Code=C1&logpath=1&stext=python&listno=98
Python 개발자 (2년 이상 경력) 채용,Interspark Korea,서울 서초구,https://www.jobkorea.co.kr//Recruit/GI_Read/38615601?Oem_Code=C1&logpath=1&stext=python&listno=99
파이썬 개발자 모집 채용,㈜상상할수없는,서울 서초구 외,https://www.jobkorea.co.kr//Recruit/GI_Read/38557723?Oem_Code=C1&logpath=1&stext=python&listno=100
Python 개발자 채용,한얼아이티,서울 강동구 외,https://www.jobkorea.co.kr//Recruit/GI_Read/38553881?Oem_Code=C1&logpath=1&stext=python&listno=101
"A.I / 로봇 / 코딩 교구 응용어플리케이션(C#, Unity, Python)개발",지니㈜,경기 용인시,https://www.jobkorea.co.kr//Recruit/GI_Read/38551195?Oem_Code=C1&logpath=1&stext=python&listno=102
"통신장비 시험 소프트웨어 개발(Linux, Python, C++) 모집",알앤엠텍,서울 영등포구,https://www.jobkorea.co.kr//Recruit/GI_Read/38544673?Oem_Code=C1&logpath=1&stext=python&listno=103
Python / ML / DL / AI 관련 직무,㈜단비,부산 해운대구,https://www.jobkorea.co.kr//Recruit/GI_Read/38539978?Oem_Code=C1&logpath=1&stext=python&listno=104
통계/빅데이터 분야 Python 인력모집,에르타,서울 구로구 외,https://www.jobkorea.co.kr//Recruit/GI_Read/38535425?Oem_Code=C1&logpath=1&stext=python&listno=105
[핫셀러] Python 개발자 신입 공개채용,㈜핫셀러,서울 동대문구 외,https://www.jobkorea.co.kr//Recruit/GI_Read/38533871?Oem_Code=C1&logpath=1&stext=python&listno=106
Backend (Python or Java 가능자) 개발자 모집,㈜버드온,서울 강남구 외,https://www.jobkorea.co.kr//Recruit/GI_Read/38515945?Oem_Code=C1&logpath=1&stext=python&listno=107
"NET, 웹프로그래머, Java, MySQL, Python (팀장/차장급)",블루커뮤니케이션,인천 연수구,https://www.jobkorea.co.kr//Recruit/GI_Read/38510998?Oem_Code=C1&logpath=1&stext=python&listno=108
"NET, 웹프로그래머, Java, MySQL, Python",블루커뮤니케이션,인천 연수구,https://www.jobkorea.co.kr//Recruit/GI_Read/38510766?Oem_Code=C1&logpath=1&stext=python&listno=109
(주)지투아이넷 개발자 채용 - JAVA / python 웹 개발 계약직 경력 채용합니다.,㈜지투아이넷,서울 용산구 외,https://www.jobkorea.co.kr//Recruit/GI_Read/38505250?Oem_Code=C1&logpath=1&stext=python&listno=110
"[정규직] 데이터분석 python,R 신입사원을 구인합니다.",누리꿈소프트㈜,서울 강남구,https://www.jobkorea.co.kr//Recruit/GI_Read/38495597?Oem_Code=C1&logpath=1&stext=python&listno=111
"웹, 응용프로그램 경력직 채용 (.NET, JAVA, Python)",㈜메디터레이니언웍스,서울 강남구 외,https://www.jobkorea.co.kr//Recruit/GI_Read/38492957?Oem_Code=C1&logpath=1&stext=python&listno=112
"[경력자] Python(데이터엔지니어) 개발자 정규직 채용(초급,중급)",누리꿈소프트㈜,서울 강남구,https://www.jobkorea.co.kr//Recruit/GI_Read/38485361?Oem_Code=C1&logpath=1&stext=python&listno=113
[정규직]Node.js/Python/React 개발자모집,㈜유니온콘텐츠,서울 금천구 외,https://www.jobkorea.co.kr//Recruit/GI_Read/38465193?Oem_Code=C1&logpath=1&stext=python&listno=114
[더조은컴퓨터학원 인천점] 자바/파이썬 강사님을 모십니다.,인천더조은컴퓨터아트학원,인천 부평구 외,https://www.jobkorea.co.kr//Recruit/GI_Read/38463764?Oem_Code=C1&logpath=1&stext=python&listno=115
[이젠아카데미 강남]파이썬(Python) 강사채용,㈜이젠아카데미,서울 서초구 외,https://www.jobkorea.co.kr//Recruit/GI_Read/38462598?Oem_Code=C1&logpath=1&stext=python&listno=116
[IMS모빌리티] 백엔드 개발자 (Python) 경력직 채용,아이엠에스모빌리티㈜,서울 광진구,https://www.jobkorea.co.kr//Recruit/GI_Read/38377431?Oem_Code=C1&logpath=1&stext=python&listno=117
퀀트시스템 개발자 채용(Python/DBMS 활용가능자),㈜리더스트레이딩,서울 금천구 외,https://www.jobkorea.co.kr//Recruit/GI_Read/38453041?Oem_Code=C1&logpath=1&stext=python&listno=118
[올라핀테크] 핀테크 플랫폼 자바 & 파이썬 개발자 모집,올라핀테크,서울 강남구,https://www.jobkorea.co.kr//Recruit/GI_Read/38435124?Oem_Code=C1&logpath=1&stext=python&listno=119
솔루션개발팀 백엔드(Back-end) 개발자(Php/JAVA/Python등) 채용,㈜블랙홀릭,서울 강서구 외,https://www.jobkorea.co.kr//Recruit/GI_Read/38430735?Oem_Code=C1&logpath=1&stext=python&listno=120
[주식회사 차가운] 파이썬 개발자 및 Django 개발자 모집,차가운,서울 영등포구,https://www.jobkorea.co.kr//Recruit/GI_Read/38428849?Oem_Code=C1&logpath=1&stext=python&listno=121
"[1400만 국민앱/개발초봉5천] AI 백엔드 엔지니어 (머신러닝,Python)",㈜버즈니,서울 관악구 외,https://www.jobkorea.co.kr//Recruit/GI_Read/38420216?Oem_Code=C1&logpath=1&stext=python&listno=122
[신입/경력] python을 활용한 Ai개발 및 프론트 백앤드개발자 모집,㈜폼즈,서울 구로구 외,https://www.jobkorea.co.kr//Recruit/GI_Read/38414482?Oem_Code=C1&logpath=1&stext=python&listno=123
검사관련 응용프로그램 개발직 C# C++ Python,탐시스텍,경기 수원시,https://www.jobkorea.co.kr//Recruit/GI_Read/38402052?Oem_Code=C1&logpath=1&stext=python&listno=124
Mind AI - Python Backend Engineer,㈜마인드에이아이,서울 중구,https://www.jobkorea.co.kr//Recruit/GI_Read/38394134?Oem_Code=C1&logpath=1&stext=python&listno=125
[SYM헬스케어]Python백엔드/UI 개발자를 모십니다.,SYM헬스케어㈜,서울 성동구,https://www.jobkorea.co.kr//Recruit/GI_Read/38389067?Oem_Code=C1&logpath=1&stext=python&listno=126
온라인 재택근무 Linux/백엔드/서버개발/Python外 경력자 모집,㈜퓨쳐시스템,서울 구로구,https://www.jobkorea.co.kr//Recruit/GI_Read/38385605?Oem_Code=C1&logpath=1&stext=python&listno=127
"백엔드 개발자(php, python)",㈜밀리의서재,서울 마포구,https://www.jobkorea.co.kr//Recruit/GI_Read/38377207?Oem_Code=C1&logpath=1&stext=python&listno=128
신입/경력 개발자 모집(JAVA 및 Python),㈜아이넷테크,대전 유성구,https://www.jobkorea.co.kr//Recruit/GI_Read/38376986?Oem_Code=C1&logpath=1&stext=python&listno=129
UNITY / PYTHON 개발자를 채용합니다,㈜에임비랩,서울 금천구,https://www.jobkorea.co.kr//Recruit/GI_Read/38376486?Oem_Code=C1&logpath=1&stext=python&listno=130
"S/W 서버엔진개발자 채용 (JAVA, PYTHON)",하몬소프트,서울 금천구,https://www.jobkorea.co.kr//Recruit/GI_Read/38361532?Oem_Code=C1&logpath=1&stext=python&listno=131
[배달로봇] 소프트웨어 개발 엔지니어 C++ /Python 경력 채용,모빌리오,경기 성남시,https://www.jobkorea.co.kr//Recruit/GI_Read/38355481?Oem_Code=C1&logpath=1&stext=python&listno=132
"[패스오더] 급성장중인 스타트업 `백엔드(Spring, Python, MSA)` 개발자 채용",㈜페이타랩,서울 강남구 외,https://www.jobkorea.co.kr//Recruit/GI_Read/38349551?Oem_Code=C1&logpath=1&stext=python&listno=133
"PCB개발자(Python , C#, C++ 가능하신분)모십니다",서연사회적협동조합,경기 성남시,https://www.jobkorea.co.kr//Recruit/GI_Read/38337017?Oem_Code=C1&logpath=1&stext=python&listno=134
"(주)브레스커뮤니케이션즈 - JAVA, PHP, C#, 파이썬 프로그래머 채용안내",㈜브레스커뮤니케이션즈,경기 남양주시 외,https://www.jobkorea.co.kr//Recruit/GI_Read/38334888?Oem_Code=C1&logpath=1&stext=python&listno=135
[자바&파이썬 입문과정] 강의하실 강사님 모십니다.,그린컴퓨터아카데미 의정부점,경기 의정부시,https://www.jobkorea.co.kr//Recruit/GI_Read/38328826?Oem_Code=C1&logpath=1&stext=python&listno=136
공간정보기술㈜ Python 개발자  신입 및 경력 채용,공간정보기술㈜,경기 성남시,https://www.jobkorea.co.kr//Recruit/GI_Read/38319999?Oem_Code=C1&logpath=1&stext=python&listno=137
"클라우드 플랫폼 Backend (Python, Go), Frontend (React) 개발자 채용",시프트원㈜,서울 강남구 외,https://www.jobkorea.co.kr//Recruit/GI_Read/38317621?Oem_Code=C1&logpath=1&stext=python&listno=138
"NodeJS, VueJS, React, JAVA, Python 개발 경력자 채용",㈜유니유니,경기 성남시 외,https://www.jobkorea.co.kr//Recruit/GI_Read/38308717?Oem_Code=C1&logpath=1&stext=python&listno=139
"일본 도쿄, 시스템 개발, 모바일 앱개발,JAVA, Python, 화상 인식 개발",유비넷트,일본 도쿄,https://www.jobkorea.co.kr//Recruit/GI_Read/38282238?Oem_Code=C1&logpath=1&stext=python&listno=140
"주말 C언어, 자바, 파이썬 강의해주실 선생님",영통아이티컴퓨터학원,경기 수원시,https://www.jobkorea.co.kr//Recruit/GI_Read/38282311?Oem_Code=C1&logpath=1&stext=python&listno=141
[국비무료]빅데이터&자바&파이썬 전문인력 취업연계 교육생 모집,기술좋은직업전문학교,부산 북구 외,https://www.jobkorea.co.kr//Recruit/GI_Read/38277550?Oem_Code=C1&logpath=1&stext=python&listno=142
[핫셀러] Python 개발자 경력직 공개채용,㈜핫셀러,서울 동대문구 외,https://www.jobkorea.co.kr//Recruit/GI_Read/38265199?Oem_Code=C1&logpath=1&stext=python&listno=143
"웹,응용프로그램 개발자 (java,python) , 웹디자이너 모집",㈜누리제어시스템,서울 금천구 외,https://www.jobkorea.co.kr//Recruit/GI_Read/38264992?Oem_Code=C1&logpath=1&stext=python&listno=144
Python개발자 신입 및 경력자 모집,㈜지디에프랩,서울 마포구,https://www.jobkorea.co.kr//Recruit/GI_Read/38261300?Oem_Code=C1&logpath=1&stext=python&listno=145
"(분당 정자역)초급이상 개발자 모집합니다 (C# , JAVA , Python 등)",㈜동그라미소프트 (Donggr,경기 성남시,https://www.jobkorea.co.kr//Recruit/GI_Read/38245941?Oem_Code=C1&logpath=1&stext=python&listno=146
"Python 훈련 교,강사님을 모십니다.",제이엠피코리아㈜,서울 구로구,https://www.jobkorea.co.kr//Recruit/GI_Read/38210567?Oem_Code=C1&logpath=1&stext=python&listno=147
웹 자동화 개발자 (Python&Flask) 모집 공고,㈜워로브라더스(WoloBrothers),경기 하남시 외,https://www.jobkorea.co.kr//Recruit/GI_Read/38217041?Oem_Code=C1&logpath=1&stext=python&listno=148
"[더조은컴퓨터 구로캠퍼스] 빅데이터분석(파이썬, 자바)기반 AI(머신러닝,딥러닝) 강사 채용",더조은컴퓨터학원,서울 구로구,https://www.jobkorea.co.kr//Recruit/GI_Read/38205047?Oem_Code=C1&logpath=1&stext=python&listno=149
(주)웨스트월드 2022년 Python 개발자 채용공고,웨스트월드,경기 고양시,https://www.jobkorea.co.kr//Recruit/GI_Read/38202556?Oem_Code=C1&logpath=1&stext=python&listno=150
"[K-디지털 / AI, 디지털컨버전스]자바(Java), 파이썬(Python), SQL 수업 가능한 훈련 강사 모집",이탱크교육,경기 성남시 외,https://www.jobkorea.co.kr//Recruit/GI_Read/38183988?Oem_Code=C1&logpath=1&stext=python&listno=151
`IT프로젝트 외주개발/관리 플랫폼` 맵핑과 함께할 파이썬 개발자를 모십니다.,맵핑,서울 구로구,https://www.jobkorea.co.kr//Recruit/GI_Read/38124376?Oem_Code=C1&logpath=1&stext=python&listno=152
[전문연구요원 가능] 응용 프로그램 개발 (C/C++/Python) 업무,메디인테크,서울 종로구,https://www.jobkorea.co.kr//Recruit/GI_Read/38064537?Oem_Code=C1&logpath=1&stext=python&listno=153
"O2O 플랫폼 웹(백엔드) 개발자 python, django 인턴 정규직 채용",피에로컴퍼니,서울 용산구 외,https://www.jobkorea.co.kr//Recruit/GI_Read/38064587?Oem_Code=C1&logpath=1&stext=python&listno=154
"[동경] WebApplication개발자모집 (Java,Python경력자)",PENTAIN,일본 도쿄,https://www.jobkorea.co.kr//Recruit/GI_Read/38064585?Oem_Code=C1&logpath=1&stext=python&listno=155
"[업계1위/신입초봉5천] 백엔드 엔지니어 / 3년 미만 주니어 채용 (Python,Devops)",㈜버즈니,서울 관악구 외,https://www.jobkorea.co.kr//Recruit/GI_Read/38035460?Oem_Code=C1&logpath=1&stext=python&listno=156
"S/W 개발 - MFC, C/C++, C#, Python 정규직",㈜러닝비전,대구 달서구,https://www.jobkorea.co.kr//Recruit/GI_Read/38061224?Oem_Code=C1&logpath=1&stext=python&listno=157
"스마트 솔루션 개발 프로그래머(Python, C#) 모집",㈜솔리메틱스,강원 춘천시,https://www.jobkorea.co.kr//Recruit/GI_Read/38050501?Oem_Code=C1&logpath=1&stext=python&listno=158
C++/PYTHON 백엔드 경력 개발자 모집  (춘천),지오비전,강원 춘천시 외,https://www.jobkorea.co.kr//Recruit/GI_Read/38038972?Oem_Code=C1&logpath=1&stext=python&listno=159
"UI/UX, 웹퍼블리셔, 자바 웹프로그래밍, 파이썬, R,  빅 데이터, AI, 안드로이드, 클라우드 강사 모집",㈔스마트융합기술인재개발원,대구 수성구 외,https://www.jobkorea.co.kr//Recruit/GI_Read/38035897?Oem_Code=C1&logpath=1&stext=python&listno=160
[취업교육]자바/파이썬/웹개발/AI(인공지능) SW개발자 양성 교육 연수생 모집,TIS정보기술교육센터,서울 영등포구 외,https://www.jobkorea.co.kr//Recruit/GI_Read/38018141?Oem_Code=C1&logpath=1&stext=python&listno=161
"머신러닝, 딥러닝 컨설턴트 모집(python/tensorflow)",㈜이씨지컨설팅,서울 강남구,https://www.jobkorea.co.kr//Recruit/GI_Read/38019113?Oem_Code=C1&logpath=1&stext=python&listno=162
SW 엔지니어( python) 신입 모집,이에이치알앤씨㈜,서울 강서구,https://www.jobkorea.co.kr//Recruit/GI_Read/38019106?Oem_Code=C1&logpath=1&stext=python&listno=163
응용 소프트웨어 개발자(PYTHON) 경력직 채용,㈜몽태랑인터내셔날,경기 하남시,https://www.jobkorea.co.kr//Recruit/GI_Read/38006852?Oem_Code=C1&logpath=1&stext=python&listno=164
"병역특례, 산업기능요원, 보충역, R&D, AI, DL, SW, HW, NPU, FPGA, SoC, App, Big Data, 서버, Linux, verilog, Python 엔지니어",㈜네오와인,경기 성남시,https://www.jobkorea.co.kr//Recruit/GI_Read/37998480?Oem_Code=C1&logpath=1&stext=python&listno=165
"온라인 쇼핑몰 개발직 (파이썬, 빅데이터, 머신런닝) 채용공고",치얼업코리아㈜,전북 익산시,https://www.jobkorea.co.kr//Recruit/GI_Read/37987810?Oem_Code=C1&logpath=1&stext=python&listno=166
AI기반 스마트팜 플랫폼 자바/파이썬 개발자,마스팜,전북 전주시,https://www.jobkorea.co.kr//Recruit/GI_Read/37985254?Oem_Code=C1&logpath=1&stext=python&listno=167
Python 개발자 모집(프리랜서),㈜밀리언웨어,경기 성남시,https://www.jobkorea.co.kr//Recruit/GI_Read/37963119?Oem_Code=C1&logpath=1&stext=python&listno=168
"AI(머신러닝, 딥러닝)기반 R/Python 개발자 모집",㈜로제타텍,서울 서초구,https://www.jobkorea.co.kr//Recruit/GI_Read/37958226?Oem_Code=C1&logpath=1&stext=python&listno=169
"프로그래밍 강사 채용 (자바, 파이썬, 백엔드개발, 빅데이터/AI개발)",㈜커리어게이트,서울 강남구,https://www.jobkorea.co.kr//Recruit/GI_Read/37947338?Oem_Code=C1&logpath=1&stext=python&listno=170
"[여의도]운영,Python,고급,즉시부터연단위",㈜에스메이트,서울 강남구 외,https://www.jobkorea.co.kr//Recruit/GI_Read/38894967?Oem_Code=C1&logpath=1&stext=python&listno=171
"Python 기반 웹 어플리케이션 개발자 (경력무관, 신입가능)",고려대부속안산병원,경기 안산시 외,https://www.jobkorea.co.kr//Recruit/GI_Read/38887287?Oem_Code=C1&logpath=1&stext=python&listno=172
"[나이스평가정보/통계전공/SAS,Python] 데이터 분석지원 업무",㈜코리아인,서울 영등포구 외,https://www.jobkorea.co.kr//Recruit/GI_Read/38863264?Oem_Code=C1&logpath=1&stext=python&listno=173
"[글로빛] 파이썬(머신러닝,딥러닝),빅데이터 분석,메타분석 가능한 박사님 모십니다.",글로빛㈜,서울 서초구 외,https://www.jobkorea.co.kr//Recruit/GI_Read/38840288?Oem_Code=C1&logpath=1&stext=python&listno=174
"[여의도] 파이썬 Python, LG화학 기존 데이터 파이썬 코드 운영, 즉시부터 12개월, 고급 0명",㈜유니시스템,서울 영등포구,https://www.jobkorea.co.kr//Recruit/GI_Read/38818033?Oem_Code=C1&logpath=1&stext=python&listno=175
"그린컴퓨터아카데미 부천- IT분야 강사채용(자바, 파이썬)",그린컴퓨터아카데미부천,경기 부천시,https://www.jobkorea.co.kr//Recruit/GI_Read/38810022?Oem_Code=C1&logpath=1&stext=python&listno=176
저녁/주말 직업훈련교사(디자인/퍼블리셔/영상/OA/자바/파이썬등),더조은컴퓨터아트학원,경기 고양시,https://www.jobkorea.co.kr//Recruit/GI_Read/38791157?Oem_Code=C1&logpath=1&stext=python&listno=177
코딩교사모집-파이썬 가능하신분,와이즈교육,부산 서구 외,https://www.jobkorea.co.kr//Recruit/GI_Read/38609604?Oem_Code=C1&logpath=1&stext=python&listno=178
[코딩강사] 초.중.고 대상 스크래치/파이썬/C언어 등 프로그래밍 강사 모집,코딩플러스학원,서울 동작구,https://www.jobkorea.co.kr//Recruit/GI_Read/38602007?Oem_Code=C1&logpath=1&stext=python&listno=179
온라인 튜터 Tutor Python & Scratch Remote Position (15-40 h/week),Odreval Ltd - Kodland,전국,https://www.jobkorea.co.kr//Recruit/GI_Read/38596154?Oem_Code=C1&logpath=1&stext=python&listno=180
[천호캠퍼스] IT 프로그래밍(빅데이터&파이썬&자바) 강사채용,국제컴퓨터아트학원,서울 강동구,https://www.jobkorea.co.kr//Recruit/GI_Read/38585328?Oem_Code=C1&logpath=1&stext=python&listno=181
"[모비데이즈] R&D 백엔드/파이썬 개발자(Python, Node.js) 경력직 채용 (-06/30)",㈜모비데이즈,서울 강남구,https://www.jobkorea.co.kr//Recruit/GI_Read/38570109?Oem_Code=C1&logpath=1&stext=python&listno=182
"인공지능 (자바, 파이썬등) 각종 IT 교육 강사모집",부산정보기술협회,부산 남구 외,https://www.jobkorea.co.kr//Recruit/GI_Read/38566200?Oem_Code=C1&logpath=1&stext=python&listno=183
서버 개발자 Python(Django) Developer 채용 (주니어),아테나스랩㈜,서울 마포구,https://www.jobkorea.co.kr//Recruit/GI_Read/38566229?Oem_Code=C1&logpath=1&stext=python&listno=184
"python,Java·JSP개발자 채용(python은 일본지사 일본어구사가능)",㈜아이고,서울 금천구,https://www.jobkorea.co.kr//Recruit/GI_Read/38554454?Oem_Code=C1&logpath=1&stext=python&listno=185
서버 개발자 Python(Django) Developer 채용 (시니어),아테나스랩㈜,서울 마포구,https://www.jobkorea.co.kr//Recruit/GI_Read/38549417?Oem_Code=C1&logpath=1&stext=python&listno=186
"자바(JAVA),파이썬(Python) 저녁반/주말반 강사모집 - 강남 그린컴퓨터아카데미",지아이티아카데미 역삼2,서울 강남구,https://www.jobkorea.co.kr//Recruit/GI_Read/38532365?Oem_Code=C1&logpath=1&stext=python&listno=187
"코딩 선생님을 모십니다. (스크래치, C언어, 파이썬 수업)",코딩하는아이들,서울 은평구,https://www.jobkorea.co.kr//Recruit/GI_Read/38506135?Oem_Code=C1&logpath=1&stext=python&listno=188
온라인 튜터 Python & Scratch - Work from home,Odreval Ltd - Kodland,전국,https://www.jobkorea.co.kr//Recruit/GI_Read/38490380?Oem_Code=C1&logpath=1&stext=python&listno=189
"OA기초 및 자격증, 그래픽(포토샵, 일러스트, 자격증), 코딩(파이썬, C언어) 평일반, 주말반 강의",에이다 컴퓨터 코딩학원,경기 오산시,https://www.jobkorea.co.kr//Recruit/GI_Read/38442529?Oem_Code=C1&logpath=1&stext=python&listno=190
브릿지벤처스 서버 Python 개발자 채용,㈜브릿지벤처스,서울 강남구,https://www.jobkorea.co.kr//Recruit/GI_Read/38394166?Oem_Code=C1&logpath=1&stext=python&listno=191
컴세바 동춘점 IT (C언어.JAVA.파이썬.알고리즘.창작물제작)시간강사및 전임강사모집),써니랩아이티코딩컴퓨터학원,인천 연수구,https://www.jobkorea.co.kr//Recruit/GI_Read/38390962?Oem_Code=C1&logpath=1&stext=python&listno=192
"컴퓨터학원 코딩 강사 모집 - 파이썬, 엔트리, 유니티 등",머스트컴퓨터학원,경기 김포시,https://www.jobkorea.co.kr//Recruit/GI_Read/38377389?Oem_Code=C1&logpath=1&stext=python&listno=193
IT프로그래밍(빅데이터/파이썬/자바) 강사 채용,국제컴퓨터아트학원,서울 강동구,https://www.jobkorea.co.kr//Recruit/GI_Read/38359935?Oem_Code=C1&logpath=1&stext=python&listno=194
JAVA(Web)/Python 개발자 및 프로젝트 관라자 모집,이지지아이에스㈜,서울 구로구 외,https://www.jobkorea.co.kr//Recruit/GI_Read/38356842?Oem_Code=C1&logpath=1&stext=python&listno=195
온라인 튜터 Work from home Tutor Python & Scratch,Odreval Ltd - Kodland,전국,https://www.jobkorea.co.kr//Recruit/GI_Read/38345330?Oem_Code=C1&logpath=1&stext=python&listno=196
"위컴퓨터학원[수원] C,JAVA ,파이썬, C++,프로그래밍 강사구인합니다",㈜아이더블유,경기 수원시,https://www.jobkorea.co.kr//Recruit/GI_Read/38282250?Oem_Code=C1&logpath=1&stext=python&listno=197
파이썬 머신러닝 딥러닝 프로젝트 멘토 모십니다.,㈜하이미디어컴퓨터학원,서울 종로구,https://www.jobkorea.co.kr//Recruit/GI_Read/38170455?Oem_Code=C1&logpath=1&stext=python&listno=198
내비게이션 SW 검증 자동화 스크립트 개발(Python),㈜모디엠,서울 성동구,https://www.jobkorea.co.kr//Recruit/GI_Read/38059817?Oem_Code=C1&logpath=1&stext=python&listno=199
"내비게이션 SW 검증 자동화 스크립트 개발(C, C++, Python)",㈜모디엠,서울 성동구,https://www.jobkorea.co.kr//Recruit/GI_Read/38070028?Oem_Code=C1&logpath=1&stext=python&listno=200
